BEGIN TRANSACTION;
insert into MODELO (COD_MOD, NOME) values (101, 'CLASSIC');
insert into MODELO (COD_MOD, NOME) values (102, 'SANDERO');
insert into MODELO (COD_MOD, NOME) values (103, 'KA');
insert into MODELO (COD_MOD, NOME) values (104, 'PALIO');
insert into MODELO (COD_MOD, NOME) values (105, 'GOL');

insert into PROPRIETARIO (COD_PROP, NOME, CPF)
values (10812, 'DILMA NEVES', '51230611266');
insert into PROPRIETARIO (COD_PROP, NOME, CPF)
values (10816, 'JAQUELINE MEIRELES', null);
insert into PROPRIETARIO (COD_PROP, NOME, CPF)
values (10819, 'IVONE NEVILLE', '21233622471');
insert into PROPRIETARIO (COD_PROP, NOME, CPF)
values (10821, 'MARIANA ROSA', '41293524158');
insert into PROPRIETARIO (COD_PROP, NOME, CPF)
values (10823, 'MARIA CHINALIA', '62421381231');

insert into VEICULO
(PLACA, COR, MODELO, PROPRIETARIO, ANO_FAB, ANO_MOD, VALOR_SEGURADO)
values ('LGA4674', 'BRANCO', 101, 10816, '2010', '2011', 22849.4);
insert into VEICULO
(PLACA, COR, MODELO, PROPRIETARIO, ANO_FAB, ANO_MOD, VALOR_SEGURADO)
values ('KTM2693', 'PRETO', 101, 10823, '2010', '2010', 20584.68 );
insert into VEICULO
(PLACA, COR, MODELO, PROPRIETARIO, ANO_FAB, ANO_MOD, VALOR_SEGURADO)
values ('KTM6449','VERMELHO', 102, 10823, '2018', '2018', 52584.68);
insert into VEICULO
(PLACA, COR, MODELO, PROPRIETARIO, ANO_FAB, ANO_MOD, VALOR_SEGURADO)
values ('NTA3259', 'VERDE', 103, 10819, '2013', '2014', 33000.93);
insert into VEICULO
(PLACA, COR, MODELO, PROPRIETARIO, ANO_FAB, ANO_MOD, VALOR_SEGURADO)
values ('LVA3600', 'PRETO', 104, 10823, '2015', '2015', 38979.67);
insert into VEICULO
(PLACA, COR, MODELO, PROPRIETARIO, ANO_FAB, ANO_MOD, VALOR_SEGURADO)
values ('KTM8642', 'PRETO', 105, 10812, '2009', '2009', 172584.68);
insert into VEICULO
(PLACA, COR, MODELO, PROPRIETARIO, ANO_FAB, ANO_MOD, VALOR_SEGURADO)
values ('LTU4580', 'AMARELO', 105, 10816, '2014', '2015', 35732.11);
insert into VEICULO
(PLACA, COR, MODELO, PROPRIETARIO, ANO_FAB, ANO_MOD, VALOR_SEGURADO)
values ('LVA8755','VERMELHO', 104, 10812, '2011', '2011', 23452.93);
insert into VEICULO
(PLACA, COR, MODELO, PROPRIETARIO, ANO_FAB, ANO_MOD, VALOR_SEGURADO)
values ('NTA4860', 'PRETO', 103, 10819, '2016', '2016', 39017.24);
insert into VEICULO
(PLACA, COR, MODELO, PROPRIETARIO, ANO_FAB, ANO_MOD, VALOR_SEGURADO)
values ('KTM9642', 'VERMELHO', 102, 10823, '2014', '2014', 31510.3);
COMMIT;